"First Name","Last Name","Hire Date"
"Kwangyoen","Karlin","1986-01-01"
"Jaihie","Soicher","1986-01-01"
"Tran","Herath","1986-01-01"
"Guadalupe","Smeets","1986-01-01"
"Sanjay","Servieres","1986-01-01"
"Achilleas","Kroft","1986-01-01"
"Kwangjo","Zirintsis","1986-01-01"
"Shawna","Reinhart","1986-01-01"
"Ziyad","Famili","1986-01-01"
"Hercules","Harbusch","1986-01-01"
"Youssef","Janocha","1986-01-01"
"Shao","Reinhart","1986-01-01"
"Jianhao","Serot","1986-01-01"
"Moto","Kenevan","1986-01-01"
"Zhanqiu","Buescher","1986-01-01"
"Basil","Matteis","1986-01-01"
"Ziyad","Bhattacharjee","1986-01-01"
"Saniya","Lanphier","1986-01-01"
"Mario","Schrift","1986-01-01"
"Domenico","Debuse","1986-01-01"
"Sumant","Stemann","1986-01-01"
"Kazunori","Meriste","1986-01-01"
"Eishiro","Curless","1986-01-01"
"Mario","Orlowska","1986-01-01"
"Hausi","Lores","1986-01-01"
"Unal","Cooley","1986-01-01"
"Juyoung","Stanger","1986-01-01"
"Alejandra","Luce","1986-01-01"
"Boriana","Vingron","1986-01-01"
"Giri","Cooman","1986-01-01"
"Uri","Asmuth","1986-01-01"
"Nirmal","Comyn","1986-01-01"
"Yongqiao","Reinhard","1986-01-01"
"Arlette","Boguraev","1986-01-01"
"Kwangyoen","Rosca","1986-01-01"
"Tamiya","Simkin","1986-01-01"
"Danae","Nyanchama","1986-01-01"
"Kristian","Bergere","1986-01-01"
"Sachar","Undy","1986-01-01"
"Shahar","Waterhouse","1986-01-01"
"Shahid","Baaz","1986-01-01"
"Masaki","Reeker","1986-01-01"
"Deniz","Niizuma","1986-01-01"
"Yinghua","Vidal","1986-01-01"
"Moie","McConalogue","1986-01-01"
"Abdelkader","Marrakchi","1986-01-01"
"Filipe","Bottner","1986-01-01"
"Vidya","Dymetman","1986-01-01"
"Constantino","Brookman","1986-01-01"
"Jiang","Bierbaum","1986-01-01"
"Sungwon","Range","1986-01-01"
"Zita","Shobatake","1986-01-01"
"Hercules","Veevers","1986-01-01"
"Mohammed","Bahk","1986-01-01"
"Yongmao","Fritzsche","1986-01-01"
"Bedir","Vanwelkenhuysen","1986-01-01"
"Chaoyi","Kaiserswerth","1986-01-01"
"Jiann","Bondorf","1986-01-01"
"Eirik","Duclos","1986-01-01"
"Domenick","Dehkordi","1986-01-01"
"Holgard","Prenel","1986-01-01"
"Manibrata","Stiles","1986-01-01"
"Subir","Shumilov","1986-01-01"
"Yongqiao","Dulay","1986-01-01"
"Mayuri","Muntz","1986-01-01"
"Theron","Homond","1986-01-01"
"Pranas","Baek","1986-01-01"
"Munehiko","Masaki","1986-01-01"
"Poorav","Papastamatiou","1986-01-01"
"Nathalie","Speer","1986-01-01"
"Lijia","Rettelbach","1986-01-01"
"Vidar","Tibblin","1986-01-01"
"Stein","Thiran","1986-01-01"
"Juichirou","Munke","1986-01-01"
"Vasilis","Kisuki","1986-01-01"
"Dzung","Jervis","1986-01-01"
"Toshiko","Felder","1986-01-01"
"Shir","Sambasivam","1986-01-01"
"Tianruo","Demri","1986-01-01"
"Sampalli","Godskesen","1986-01-01"
"Yifei","Brookner","1986-01-02"
"Lunjin","Berztiss","1986-01-02"
"Leaf","Vigier","1986-01-02"
"Raimond","Mitina","1986-01-02"
"Shigenori","Sethi","1986-01-02"
"Ramzi","Turnbull","1986-01-02"
"Kazuhito","Assaf","1986-01-02"
"Mayuri","Manders","1986-01-02"
"Gianluca","Gini","1986-01-02"
"Pohua","Roccetti","1986-01-02"
"Khoa","Wendorf","1986-01-02"
"Luise","Radwan","1986-01-02"
"Odinaldo","Hertweck","1986-01-02"
"Gou","Orlowski","1986-01-02"
"Rosalie","McFarlan","1986-01-02"
"Akhilish","Spataro","1986-01-02"
"Seongbae","Szmurlo","1986-01-02"
"Patricio","Shumilov","1986-01-02"
"Richard","Prenel","1986-01-02"
"Holgard","Nations","1986-01-02"
"Masoud","Brookman","1986-01-02"
"Niteen","Daescu","1986-01-02"
"Hilari","Merro","1986-01-02"
"Serif","Manderick","1986-01-02"
"Naftali","Itschner","1986-01-02"
"Amalendu","Ecklund","1986-01-02"
"Leucio","Perry","1986-01-02"
"Aria","Pluym","1986-01-02"
"Lucian","Limongiello","1986-01-02"
"Szabolcs","Eastman","1986-01-02"
"Ioana","Crabtree","1986-01-02"
"Kwangjo","Peral","1986-01-02"
"Kiyotoshi","Zaiane","1986-01-02"
"Ewing","Naudin","1986-01-02"
"Mohammad","Ghemri","1986-01-02"
"Yucel","Bojadziev","1986-01-02"
"Fumitaka","Pehl","1986-01-02"
"Georg","Felder","1986-01-02"
"Bedrich","Stemann","1986-01-02"
"Heeju","Simmen","1986-01-02"
"Kousuke","Suwa","1986-01-02"
"Kasturi","Jenevein","1986-01-02"
"Larisa","Brookner","1986-01-02"
"Kien","Sidhu","1986-01-02"
"Dung","Chelton","1986-01-02"
"Uwe","Swick","1986-01-02"
"Phuoc","Lanteri","1986-01-02"
"Lucian","Lovengreen","1986-01-02"
"Elgin","Besselaar","1986-01-02"
"Shaleah","Salverda","1986-01-02"
"Sanjit","Genther","1986-01-02"
"Marsha","Szilard","1986-01-02"
"Nechama","Waymire","1986-01-02"
"Berhard","Plavsic","1986-01-02"
"Hugh","Hitomi","1986-01-02"
"Poorav","Schwartzburd","1986-01-02"
"Adamantios","Ullian","1986-01-02"
"Frazer","Litvinov","1986-01-02"
"Lorien","Riefers","1986-01-02"
"Marin","Chachaty","1986-01-02"
"George","Driscoll","1986-01-02"
"Fumitake","Naudin","1986-01-02"
"Jungsoon","Zhiwei","1986-01-02"
"Kerryn","Zeilberger","1986-01-02"
"Maren","Morrow","1986-01-02"
"Lijie","Gecsei","1986-01-02"
"Shiv","Furedi","1986-01-02"
"Horward","Snedden","1986-01-02"
"Shuho","Koblitz","1986-01-02"
"Neelam","Deville","1986-01-02"
"Adel","Pero","1986-01-02"
"Maria","Granlund","1986-01-02"
"Danco","Lundstrom","1986-01-02"
"Khalid","Dahlbom","1986-01-02"
"Adas","Hofmeyr","1986-01-02"
"Jenwei","Erez","1986-01-02"
"Falguni","Mandell","1986-01-02"
"Miquel","Marrakchi","1986-01-02"
"Zengping","Gargeya","1986-01-02"
"Behnaam","Monarch","1986-01-02"
"Jouko","Zwicker","1986-01-02"
"Hugo","Pietracaprina","1986-01-02"
"Rance","Cullers","1986-01-02"
"Rutger","Vesel","1986-01-02"
"Sudhanshu","Demian","1986-01-02"
"Gully","Ghandeharizadeh","1986-01-02"
"Zhensheng","Laventhal","1986-01-02"
"Taegyun","Hiraishi","1986-01-02"
"Ramachenga","Domenig","1986-01-02"
"Danil","Panwar","1986-01-02"
"Tristan","Raoux","1986-01-02"
"Nathalie","Erva","1986-01-02"
"Oguz","Mattern","1986-01-02"
"Sasan","Kemmerer","1986-01-03"
"Henk","Bharadwaj","1986-01-03"
"Munehiko","Beznosov","1986-01-03"
"Woody","Fujisawa","1986-01-03"
"Ewing","Baalen","1986-01-03"
"Arra","Perna","1986-01-03"
"Aloke","Glinert","1986-01-03"
"Debaprosad","Hatcliff","1986-01-03"
"Insup","Copas","1986-01-03"
"Weidon","Dalphin","1986-01-03"
"Guangming","Pashtan","1986-01-03"
"Demos","Escriba","1986-01-03"
"Remmert","Bottner","1986-01-03"
"Yechezkel","Huhdanpaa","1986-01-03"
"Eric","Gunderson","1986-01-03"
"Ziva","Falco","1986-01-03"
"Aloke","Jiang","1986-01-03"
"Abdelaziz","Chinal","1986-01-03"
"Arvind","Furudate","1986-01-03"
"Christoper","Heystek","1986-01-03"
"Trygve","Rothenberg","1986-01-03"
"Steve","Maquelin","1986-01-03"
"Xuejun","Denos","1986-01-03"
"George","Borovoy","1986-01-03"
"Josyula","Highland","1986-01-03"
"Zongyan","Randt","1986-01-03"
"Guther","Kusalik","1986-01-03"
