"First Name","Last Name","Employee Number","Department Name","Department Number"
"Tonny","Butterworth","111692","Customer Service","d009"
"Marjo","Giarratana","111784","Customer Service","d009"
"Xiaobin","Spinelli","111877","Customer Service","d009"
"Yuchang","Weedman","111939","Customer Service","d009"
"Leon","DasSarma","110567","Development","d005"
"DeForest","Hagimont","110511","Development","d005"
"Ebru","Alpin","110085","Finance","d002"
"Isamu","Legleitner","110114","Finance","d002"
"Shirish","Ossenbruggen","110183","Human Resources","d003"
"Karsten","Sigstam","110228","Human Resources","d003"
"Margareta","Markovitch","110022","Marketing","d001"
"Vishwani","Minakawa","110039","Marketing","d001"
"Rosine","Cools","110344","Production","d004"
"Oscar","Ghazalie","110420","Production","d004"
"Shem","Kieras","110386","Production","d004"
"Krassimir","Wegerle","110303","Production","d004"
"Rutger","Hofmeyr","110765","Quality Management","d006"
"Peternela","Onuegbe","110725","Quality Management","d006"
"Dung","Pesch","110854","Quality Management","d006"
"Sanjoy","Quadeer","110800","Quality Management","d006"
"Hilary","Kambil","111534","Research","d008"
"Arie","Staelin","111400","Research","d008"
"Przemyslawa","Kaelbling","111035","Sales","d007"
"Hauke","Zhang","111133","Sales","d007"
